"site","title","discovered_input","input","success","code","message","resolver","transport","quality","actualQuality","stage"
"https://ddys.io/","浮游先生免费在线观看_高清网盘下载 - 低端影视","https://ddys.io/movie/mr-plankton","https://ddys.io/movie/mr-plankton","False","ACCESS_DENIED","源站拒绝访问该页面",,,,,"public parser API; playback and original resolution not yet verified"
"https://ddys.io/","塞纳免费在线观看_高清网盘下载 - 低端影视","https://ddys.io/movie/senna","https://ddys.io/movie/senna","False","ACCESS_DENIED","源站拒绝访问该页面",,,,,"public parser API; playback and original resolution not yet verified"
"https://www.ysxq.cc/","黑袍纠察队第5季_第01集_欧美剧 - 播剧网 - 最新电视剧电影在线观看与热门短剧追剧平台","https://ysxq.cc/vodplay/255768-1-1.html","https://ysxq.cc/vodplay/255768-1-1.html","True",,,"generic-web","hls",,,"public parser API; playback and original resolution not yet verified"
"https://www.ysxq.cc/","黑袍纠察队第5季_欧美剧 - 播剧网 - 最新电视剧电影在线观看与热门短剧追剧平台","https://ysxq.cc/voddetail/255768.html","https://ysxq.cc/vodplay/255768-6-1.html","True",,,"generic-web","hls",,,"public parser API; playback and original resolution not yet verified"
"https://feikuai.tv/","兰香如故 2026内地剧 高清全集免费在线播放 飞快TV","https://feikuai.in/voddetail/259108.html","https://feikuai.in/vodplay/259108-9-1.html","True",,,"generic-web","hls",,,"public parser API; playback and original resolution not yet verified"
"https://feikuai.tv/","死有对证 2026港台剧 高清全集免费在线播放 飞快TV","https://feikuai.in/voddetail/258426.html","https://feikuai.in/vodplay/258426-7-1.html","True",,,"generic-web","hls",,,"public parser API; playback and original resolution not yet verified"
"https://www.cilixiong.org/","给阿嬷的情书(2026) 中国大陆电影1080P下载在线观看 - 磁力熊","https://www.cilixiong.org/movie/4755.html","https://www.cilixiong.org/movie/4755.html","True",,,"browser","hls",,,"public parser API; playback and original resolution not yet verified"
"https://www.cilixiong.org/","隐藏摄像机(2005) 法国 / 奥地利 / 德国 / 意大利 / 美国电影1080P下载在线观看 - 磁力熊","https://www.cilixiong.org/movie/4754.html","https://www.cilixiong.org/movie/4754.html","True",,,"browser","hls",,,"public parser API; playback and original resolution not yet verified"
"https://v.ikanbot.com/","野兽之心-免费在线观看-爱看机器人-ikanbot.com","https://www1.ikanbot.com/play/1018227","https://www1.ikanbot.com/play/1018227","False","NO_MEDIA_FOUND","未找到可验证的媒体资源",,,,,"public parser API; playback and original resolution not yet verified"
"https://v.ikanbot.com/","坂本日常 真人版-免费在线观看-爱看机器人-ikanbot.com","https://www1.ikanbot.com/play/1000513","https://www1.ikanbot.com/play/1000513","False","NO_MEDIA_FOUND","未找到可验证的媒体资源",,,,,"public parser API; playback and original resolution not yet verified"
"https://www.sypfjy.com/","仙逆国产动漫全集高清免费资源在线观看 - 新视觉影院","https://www.sypfjy.com/voddetail/2428.html","https://www.sypfjy.com/vodplay/2428-1-1.html","True",,,"generic-web","hls",,,"public parser API; playback and original resolution not yet verified"
"https://www.sypfjy.com/","海贼王日韩动漫全集高清免费资源在线观看 - 新视觉影院","https://www.sypfjy.com/voddetail/2755.html","https://www.sypfjy.com/vodplay/2755-1-1.html","True",,,"generic-web","hls",,,"public parser API; playback and original resolution not yet verified"
"https://dao-fire.com/","[其他]莫奈与印象派的诞生 Manet and the Birth of Impressionism - 纪录片下载 - 纪录片数据库","https://docu-lib.com/movie/10848","https://docu-lib.com/movie/10848","False","NO_MEDIA_FOUND","未找到可验证的媒体资源",,,,,"public parser API; playback and original resolution not yet verified"
"https://dao-fire.com/","[CCTV]狂野墨西哥 Mexico Untamed 2018 - 纪录片下载 - 纪录片数据库","https://docu-lib.com/movie/10847","https://docu-lib.com/movie/10847","False","NO_MEDIA_FOUND","未找到可验证的媒体资源",,,,,"public parser API; playback and original resolution not yet verified"
"https://koreayule.com/","升天[电影解说] HD中字_免费在线观看_电影_高清播放｜韩娱网","https://koreayule.com/movie/sheng-tian-dian-ying-jie-shuo","https://koreayule.com/movie/sheng-tian-dian-ying-jie-shuo","False","NO_MEDIA_FOUND","未找到可验证的媒体资源",,,,,"public parser API; playback and original resolution not yet verified"
"https://koreayule.com/","后门2026 第01集_免费在线观看_电影_高清播放｜韩娱网","https://koreayule.com/movie/hou-men-2026","https://koreayule.com/movie/hou-men-2026","True",,,"browser","hls",,,"public parser API; playback and original resolution not yet verified"
"https://www.jsard.com/","《仙逆》动漫全集高清完整版免费在线观看 - FreeOK影视大全","https://www.jsard.com/voddetail-2428.html","https://www.jsard.com/vodplay/2428-2-1.html","False","NO_MEDIA_FOUND","未找到可验证的媒体资源",,,,,"public parser API; playback and original resolution not yet verified"
"https://www.jsard.com/","《海贼王》动漫全集高清完整版免费在线观看 - FreeOK影视大全","https://www.jsard.com/voddetail-2755.html","https://www.jsard.com/vodplay/2755-2-1.html","False","NO_MEDIA_FOUND","未找到可验证的媒体资源",,,,,"public parser API; playback and original resolution not yet verified"
"https://hellociqryx6e.com/","无可替代 _国产剧_第1集_共20集_极光影视_免费在线播放_高清全集_电影网站_在线视频","https://hellociqryx6e.com/vod/play/147136/sid/1320681","https://hellociqryx6e.com/vod/play/147136/sid/1320681","False","NO_MEDIA_FOUND","未找到可验证的媒体资源",,,,,"public parser API; playback and original resolution not yet verified"
"https://hellociqryx6e.com/","魅影神捕_国产剧_第1集_共30集_极光影视_免费在线播放_高清全集_电影网站_在线视频","https://hellociqryx6e.com/vod/play/147214/sid/1321416","https://hellociqryx6e.com/vod/play/147214/sid/1321416","False","NO_MEDIA_FOUND","未找到可验证的媒体资源",,,,,"public parser API; playback and original resolution not yet verified"
"https://soupian.one/"," 主角 ","https://soupian.one/movie/主角","https://soupian.one/movie/主角","False",,,,,,,"source access or request transport failure"
"https://soupian.one/"," 斗破苍穹 年番 ","https://soupian.one/movie/斗破苍穹 年番","https://soupian.one/movie/斗破苍穹 年番","False",,,,,,,"source access or request transport failure"
"https://www.kpkuang.fun/","美国电影剧情片《穿普拉达的女王2 The Devil Wears Prada 2》(2026)线上看,在线观看,在线播放完整版,免费下载 - 看片狂人","https://www.kpkuang.fun/voddetail/1064178/","https://www.kpkuang.fun/vodplay/1064178-3-1.html","False","ACCESS_DENIED","源站拒绝访问该页面",,,,,"public parser API; playback and original resolution not yet verified"
"https://www.kpkuang.fun/","中国大陆连续剧国产剧《无可替代》(2026)线上看全集,在线看全集,在线播放全集,免费下载全集 - 看片狂人","https://www.kpkuang.fun/voddetail/1151343/","https://www.kpkuang.fun/vodplay/1151343-12-1.html","False","ACCESS_DENIED","源站拒绝访问该页面",,,,,"public parser API; playback and original resolution not yet verified"
"https://v.aikanbot.com/","野兽之心-免费在线观看-爱看机器人-ikanbot.com","https://www.aikanbot.vip/play/1018227","https://www.aikanbot.vip/play/1018227","False","NO_MEDIA_FOUND","未找到可验证的媒体资源",,,,,"public parser API; playback and original resolution not yet verified"
"https://v.aikanbot.com/","坂本日常 真人版-免费在线观看-爱看机器人-ikanbot.com","https://www.aikanbot.vip/play/1000513","https://www.aikanbot.vip/play/1000513","False","NO_MEDIA_FOUND","未找到可验证的媒体资源",,,,,"public parser API; playback and original resolution not yet verified"
"https://mtzy.me/","所有女生的OFFER2026剧情介绍--茅台资源站","https://mtzy.me/voddetail/151633.html?ac=detail","https://mtzy.me/voddetail/151633.html?ac=detail","True",,,"generic-web","hls",,,"public parser API; playback and original resolution not yet verified"
"https://mtzy.me/","万界独尊剧情介绍--茅台资源站","https://mtzy.me/voddetail/2765.html?ac=detail","https://mtzy.me/voddetail/2765.html?ac=detail","True",,,"generic-web","hls",,,"public parser API; playback and original resolution not yet verified"
"https://yjzy.tv/","所有女生的OFFER2026剧情介绍--茅台资源站","https://yjzy.tv/voddetail/151633.html?ac=detail","https://yjzy.tv/voddetail/151633.html?ac=detail","True",,,"generic-web","hls",,,"public parser API; playback and original resolution not yet verified"
"https://yjzy.tv/","万界独尊剧情介绍--茅台资源站","https://yjzy.tv/voddetail/2765.html?ac=detail","https://yjzy.tv/voddetail/2765.html?ac=detail","True",,,"generic-web","hls",,,"public parser API; playback and original resolution not yet verified"
"https://www.4kvm.tv/","挑情丑闻 - 第1集 -4k影视","https://www.4kvm.tv/play/ch4l5b3mn","https://www.4kvm.tv/play/ch4l5b3mn","True",,,"browser","hls",,,"public parser API; playback and original resolution not yet verified"
"https://www.4kvm.tv/","给阿嬷的情书 - 第1集 -4k影视","https://www.4kvm.tv/play/ch4jdmosy","https://www.4kvm.tv/play/ch4jdmosy","False",,,,,,,"source access or request transport failure"
"https://cn.xgcartoon.com/","🍚仙逆剧场版：弑仙之战【国语】（4K） 免费高清卡通动漫在线看 - 西瓜卡通","https://cn.xgcartoon.com/detail/xiannijuchangbanshixianzhizhanguoyu4k-shitouxiong","https://cn.xgcartoon.com/detail/xiannijuchangbanshixianzhizhanguoyu4k-shitouxiong","False",,,,,,,"source access or request transport failure"
"https://cn.xgcartoon.com/","🍻疯狂动物城2（Zootopia 2）【多语言】 免费高清卡通动漫在线看 - 西瓜卡通","https://cn.xgcartoon.com/detail/fengkuangdongwucheng2zootopia_2duoyuyan-jieladebushen","https://cn.xgcartoon.com/detail/fengkuangdongwucheng2zootopia_2duoyuyan-jieladebushen","False","BROWSER_BUSY","浏览器解析暂时繁忙，请稍后重试",,,,,"public parser API; playback and original resolution not yet verified"
"https://www.2rk.cc/","新吊带袜天使 第01话 - 二矿动漫","https://www.2rk.cc/detail/xindiaodaiwatianshi1?id=1","https://www.2rk.cc/detail/xindiaodaiwatianshi1?id=1","True",,,"generic-web","hls",,,"public parser API; playback and original resolution not yet verified"
"https://www.2rk.cc/","鬼灭之刃 柱训练篇 第01话 - 二矿动漫","https://www.2rk.cc/detail/guimiezhirenzxunlian?id=1","https://www.2rk.cc/detail/guimiezhirenzxunlian?id=1","True",,,"generic-web","hls",,,"public parser API; playback and original resolution not yet verified"
